Source,Species,decimalLongitude,decimalLatitude
GBIF,Quercus engelmannii Greene,-110.616667,30.9
GBIF,Quercus engelmannii,-116.3996,31.5987
GBIF,Quercus engelmannii,-116.5979,32.50947
GBIF,Quercus engelmannii,-116.616667,32.516667
GBIF,Quercus engelmannii,-116.616667,32.516667
GBIF,Quercus engelmannii,-116.616667,32.516667
GBIF,Quercus engelmannii  Greene,-116.616667,32.516667
GBIF,Quercus engelmannii,-116.61667,32.51667
GBIF,Quercus engelmanni,-116.625,32.525
GBIF,Quercus engelmannii,-116.625,32.525
GBIF,Quercus engelmannii,-116.625,32.525
GBIF,Quercus engelmannii,-116.625,32.525
GBIF,Quercus engelmannii  Greene,-116.625,32.525
GBIF,Quercus engelmannii Greene,-116.625,32.525
GBIF,Quercus engelmannii,-116.80417,32.56222
GBIF,Quercus engelmannii,-116.80417,32.56222
GBIF,Quercus engelmannii,-116.750795,32.589042
GBIF,Quercus engelmannii,-116.64159,32.58927
GBIF,Quercus engelmannii,-116.77471,32.59801
GBIF,Quercus engelmannii,-116.811228,32.601273
GBIF,Quercus engelmannii,-116.61942,32.60642
GBIF,Quercus engelmannii,-116.88139,32.60667
GBIF,Quercus engelmannii,-116.88139,32.60667
GBIF,Quercus engelmannii,-116.55917,32.60667
GBIF,Quercus engelmannii,-116.55917,32.60667
GBIF,Quercus engelmannii,-116.55917,32.60667
GBIF,Quercus engelmannii,-116.88139,32.60667
GBIF,Quercus engelmannii,-116.88139,32.60667
GBIF,Quercus engelmannii,-116.7508,32.6071
GBIF,Quercus engelmannii,-116.75111,32.60722
GBIF,Quercus engelmannii  Greene,-116.4697,32.6095
GBIF,Quercus engelmannii,-116.90528,32.61583
GBIF,Quercus engelmannii,-116.89353,32.63438
GBIF,Quercus engelmannii,-116.643544,32.635592
GBIF,Quercus engelmannii,-116.665326,32.643126
GBIF,Quercus engelmannii,-116.78061,32.64352
GBIF,Quercus engelmannii,-116.78362,32.650565
GBIF,Quercus engelmannii,-116.785835,32.650698
GBIF,Quercus engelmannii,-116.787982,32.65087
GBIF,Quercus engelmannii,-116.787975,32.650882
GBIF,Quercus engelmannii,-116.706842,32.651405
GBIF,Quercus engelmannii,-116.707733,32.653228
GBIF,Quercus engelmannii,-116.708205,32.653408
GBIF,Quercus engelmannii,-116.70914,32.65592
GBIF,Quercus engelmannii,-116.79079,32.65695
GBIF,Quercus engelmannii,-116.81507,32.66014
GBIF,Quercus engelmannii,-116.8021,32.66678
GBIF,Quercus engelmannii,-116.5576,32.669
GBIF,Quercus engelmannii,-116.5752,32.6721
GBIF,Quercus engelmannii,-116.56439,32.67516
GBIF,Quercus engelmannii,-116.56439,32.67519
GBIF,Quercus engelmannii,-116.74833,32.67611
GBIF,Quercus engelmannii,-116.91891,32.67749
GBIF,Quercus engelmannii,-116.797147,32.678399
GBIF,Quercus engelmannii,-116.822525,32.679328
GBIF,Quercus engelmannii,-116.822463,32.679383
GBIF,Quercus engelmannii,-116.540292,32.679803
GBIF,Quercus engelmannii,-116.785685,32.685752
GBIF,Quercus engelmannii,-116.70583,32.68597
GBIF,Quercus engelmannii,-116.787432,32.686262
GBIF,Quercus engelmannii,-116.7744,32.6872
GBIF,Quercus engelmannii,-116.81527,32.68936
GBIF,Quercus engelmannii,-117.009144,32.69425
GBIF,Quercus engelmannii,-116.811667,32.694972
GBIF,Quercus engelmannii,-116.818728,32.700882
GBIF,Quercus engelmannii,-116.76079,32.7067
GBIF,Quercus engelmannii,-116.765,32.71126
GBIF,Quercus engelmannii,-116.75089,32.71175
GBIF,Quercus engelmannii,-116.76009,32.71463
GBIF,Quercus engelmannii,-116.762475,32.714894
GBIF,Quercus engelmannii,-116.762365,32.714997
GBIF,Quercus engelmannii,-116.759645,32.715113
GBIF,Quercus engelmannii,-117.161097,32.715731
GBIF,Quercus engelmannii,-116.58806,32.71722
GBIF,Quercus engelmannii,-116.725447,32.726117
GBIF,Quercus engelmannii,-116.87134,32.73692
GBIF,Quercus engelmannii,-116.799756,32.745476
GBIF,Quercus engelmannii,-116.799442,32.745971
GBIF,Quercus engelmannii,-116.799457,32.74609
GBIF,Quercus engelmannii,-116.762208,32.746238
GBIF,Quercus engelmannii,-116.762437,32.746342
GBIF,Quercus engelmannii,-116.76252,32.746555
GBIF,Quercus engelmannii,-116.762458,32.74658
GBIF,Quercus engelmannii,-116.79917,32.74667
GBIF,Quercus engelmannii,-116.79917,32.74667
GBIF,Quercus engelmannii,-116.795296,32.747017
GBIF,Quercus engelmannii,-116.665773,32.747783
GBIF,Quercus engelmannii,-116.66222,32.75472
GBIF,Quercus engelmannii,-116.662222,32.754722
GBIF,Quercus engelmannii,-116.647853,32.755275
GBIF,Quercus engelmannii,-116.647658,32.755392
GBIF,Quercus engelmannii,-116.49355,32.7575
GBIF,Quercus engelmannii,-116.268193,32.761756
GBIF,Quercus engelmannii,-116.26821,32.76188
GBIF,Quercus engelmannii,-116.49196,32.77144
GBIF,Quercus engelmannii  Greene,-116.716111,32.7725
GBIF,Quercus engelmannii Greene,-116.716111,32.7725
GBIF,Quercus engelmannii  Greene,-116.557,32.7726
GBIF,Quercus engelmannii,-117.071363,32.776784
GBIF,Quercus engelmannii,-116.557156,32.780578
GBIF,Quercus engelmannii,-116.557156,32.780578
GBIF,Quercus engelmannii,-117.042023,32.784997
GBIF,Quercus engelmannii,-116.660889,32.790278
GBIF,Quercus engelmannii Greene,-116.8,32.8
GBIF,Quercus engelmannii,-116.615397,32.808986
GBIF,Quercus engelmannii,-116.511058,32.809356
GBIF,Quercus engelmannii,-116.616108,32.809794
GBIF,Quercus engelmannii,-116.616286,32.811092
GBIF,Quercus engelmannii,-116.83831,32.81302
GBIF,Quercus engelmannii,-116.83831,32.81302
GBIF,Quercus engelmannii,-116.616294,32.813172
GBIF,Quercus engelmannii,-116.616467,32.813228
GBIF,Quercus engelmannii,-116.7259,32.81424
GBIF,Quercus engelmannii,-116.76,32.81611
GBIF,Quercus engelmannii,-116.76,32.81611
GBIF,Quercus engelmannii,-116.76,32.81611
GBIF,Quercus engelmannii,-117.056789,32.816597
GBIF,Quercus engelmannii,-116.864612,32.81787
GBIF,Quercus engelmannii,-117.053044,32.818232
GBIF,Quercus engelmannii,-117.052496,32.819349
GBIF,Quercus engelmannii,-117.052498,32.819477
GBIF,Quercus engelmannii,-117.056602,32.819595
GBIF,Quercus engelmannii,-117.052697,32.8197
GBIF,Quercus engelmannii,-117.052604,32.819767
GBIF,Quercus engelmannii,-117.052616,32.819792
GBIF,Quercus engelmannii,-117.052671,32.819798
GBIF,Quercus engelmannii,-117.052479,32.819818
GBIF,Quercus engelmannii,-117.05267,32.81985
GBIF,Quercus engelmannii,-117.05265,32.819851
GBIF,Quercus engelmannii,-117.052662,32.819872
GBIF,Quercus engelmannii,-117.052661,32.819876
GBIF,Quercus engelmannii,-117.052771,32.819931
GBIF,Quercus engelmannii,-117.05194,32.82
GBIF,Quercus engelmannii,-116.76538,32.82027
GBIF,Quercus engelmannii,-116.760375,32.821563
GBIF,Quercus engelmannii,-116.60972,32.82306
GBIF,Quercus engelmannii,-116.60969,32.8231
GBIF,Quercus engelmannii,-116.863689,32.824047
GBIF,Quercus engelmannii,-116.79155,32.82466
GBIF,Quercus engelmannii,-116.6182,32.8247
GBIF,Quercus engelmannii,-116.6262,32.8251
GBIF,Quercus engelmannii,-116.6262,32.8251
GBIF,Quercus engelmannii,-116.76535,32.82528
GBIF,Quercus engelmannii,-116.754991,32.826656
GBIF,Quercus engelmannii,-116.85796,32.828119
GBIF,Quercus engelmannii,-116.858157,32.828245
GBIF,Quercus engelmannii,-116.857656,32.828304
GBIF,Quercus engelmannii,-116.85653,32.828326
GBIF,Quercus engelmannii,-116.85653,32.828326
GBIF,Quercus engelmannii,-116.858003,32.828542
GBIF,Quercus engelmannii,-116.857947,32.828563
GBIF,Quercus engelmannii,-116.856402,32.828629
GBIF,Quercus engelmannii,-116.85806,32.828642
GBIF,Quercus engelmannii,-116.856417,32.828653
GBIF,Quercus engelmannii,-116.856409,32.828742
GBIF,Quercus engelmannii,-116.857407,32.828751
GBIF,Quercus engelmannii,-116.857525,32.828817
GBIF,Quercus engelmannii,-116.779218,32.828829
GBIF,Quercus engelmannii,-116.856917,32.829486
GBIF,Quercus engelmannii,-116.85715,32.829544
GBIF,Quercus engelmannii,-116.619197,32.829628
GBIF,Quercus engelmannii,-116.855164,32.830173
GBIF,Quercus engelmannii,-116.77917,32.83194
GBIF,Quercus engelmannii,-116.785556,32.832222
GBIF,Quercus engelmannii,-116.856783,32.834014
GBIF,Quercus engelmannii,-116.854574,32.834279
GBIF,Quercus engelmannii,-116.76641,32.83505
GBIF,Quercus engelmannii,-116.76599,32.83505
GBIF,Quercus engelmannii,-116.53068,32.83589
GBIF,Quercus engelmannii,-116.846484,32.836322
GBIF,Quercus engelmannii,-116.854724,32.83863
GBIF,Quercus engelmannii,-116.6813,32.8388
GBIF,Quercus engelmannii,-116.6813,32.8388
GBIF,Quercus engelmannii,-116.907087,32.840373
GBIF,Quercus engelmannii,-116.62723,32.84058
GBIF,Quercus engelmannii  Greene,-116.62723,32.84058
GBIF,Quercus engelmannii,-116.804842,32.840845
GBIF,Quercus engelmannii,-116.855221,32.840943
GBIF,Quercus engelmannii,-116.855221,32.840943
GBIF,Quercus engelmannii,-116.632028,32.841367
GBIF,Quercus engelmannii,-116.645638,32.841837
GBIF,Quercus engelmannii,-116.640603,32.841982
GBIF,Quercus engelmannii,-116.715694,32.842306
GBIF,Quercus engelmannii,-116.698028,32.843308
GBIF,Quercus engelmannii,-116.860216,32.847283
GBIF,Quercus engelmannii,-117.210064,32.849004
GBIF,Quercus engelmannii,-116.55194,32.85083
GBIF,Quercus engelmannii,-116.616,32.8528
GBIF,Quercus engelmannii,-116.574,32.85377
GBIF,Quercus engelmannii,-116.74194,32.85667
GBIF,Quercus engelmannii,-116.633962,32.860737
GBIF,Quercus engelmannii,-116.63417,32.86083
GBIF,Quercus engelmannii,-116.60808,32.86429
GBIF,Quercus engelmannii,-116.64759,32.86678
GBIF,Quercus engelmannii,-116.57123,32.86876
SEINET,Quercus engelmanii Greene.,-117.02389,32.87889
GBIF,Quercus engelmannii,-116.900602,32.881253
GBIF,Quercus engelmannii,-116.9,32.88139
GBIF,Quercus engelmannii,-116.74528,32.88167
GBIF,Quercus engelmannii,-117.2166,32.8859
GBIF,Quercus engelmannii,-116.81364,32.88834
GBIF,Quercus engelmannii,-116.81939,32.89069
GBIF,Quercus engelmannii,-116.8194,32.89074
GBIF,Quercus engelmannii,-116.79698,32.895989
GBIF,Quercus engelmannii,-116.80784,32.89784
GBIF,Quercus engelmannii,-116.99139,32.90722
GBIF,Quercus engelmannii,-116.9243,32.91077
GBIF,Quercus engelmannii,-116.897537,32.913197
GBIF,Quercus engelmannii,-116.897565,32.913354
GBIF,Quercus engelmannii,-116.8197,32.9148
GBIF,Quercus engelmannii,-116.808333,32.916667
GBIF,Quercus engelmannii,-116.61667,32.91667
GBIF,Quercus engelmannii,-116.80833,32.91667
GBIF,Quercus engelmannii,-116.878777,32.916912
GBIF,Quercus engelmannii,-116.617,32.917
GBIF,Quercus engelmannii,-116.880569,32.918233
GBIF,Quercus engelmannii,-116.80415,32.92546
GBIF,Quercus engelmannii,-116.80419,32.9255
GBIF,Quercus engelmannii,-116.79386,32.9256
GBIF,Quercus engelmannii,-116.558933,32.92854
GBIF,Quercus engelmannii,-117.2,32.9333
GBIF,Quercus engelmannii,-116.63333,32.93333
GBIF,Quercus engelmannii,-116.79403,32.93799
GBIF,Quercus engelmannii,-117.247658,32.941331
GBIF,Quercus engelmannii,-117.12081,32.94205
GBIF,Quercus engelmannii,-117.106736,32.944689
GBIF,Quercus engelmannii,-116.539497,32.94897
GBIF,Quercus engelmannii,-116.78842,32.95161
GBIF,Quercus engelmannii,-116.788389,32.951611
GBIF,Quercus engelmannii,-116.79091,32.95557
GBIF,Quercus engelmannii,-116.580753,32.958758
GBIF,Quercus engelmannii,-116.656053,32.959328
GBIF,Quercus engelmannii,-116.657242,32.963858
GBIF,Quercus engelmannii,-116.659522,32.964572
GBIF,Quercus engelmannii,-116.656083,32.965637
GBIF,Quercus engelmannii,-117.187476,32.969178
GBIF,Quercus engelmannii,-116.66043,32.969413
GBIF,Quercus engelmannii,-116.952225,32.97282
GBIF,Quercus engelmannii,-116.673439,32.973108
GBIF,Quercus engelmannii,-116.66667,32.975
GBIF,Quercus engelmannii,-116.66667,32.975
GBIF,Quercus engelmannii,-116.68216,32.9845
GBIF,Quercus engelmannii,-116.682194,32.9845
GBIF,Quercus engelmannii,-116.682944,32.984583
GBIF,Quercus engelmannii,-116.671844,32.985733
GBIF,Quercus engelmannii,-116.658558,32.989427
GBIF,Quercus engelmannii,-116.73469,32.98956
GBIF,Quercus engelmannii,-116.73026,32.98982
GBIF,Quercus engelmannii,-116.681,32.991
GBIF,Quercus engelmannii,-116.68104,32.99101
GBIF,Quercus engelmannii,-116.67096,32.99227
GBIF,Quercus engelmannii,-116.748708,32.993173
GBIF,Quercus engelmannii,-116.937478,32.99673
GBIF,Quercus engelmannii,-116.937997,32.996753
GBIF,Quercus engelmannii,-116.93802,32.996945
GBIF,Quercus engelmannii,-116.84944,32.9975
GBIF,Quercus engelmannii,-116.84944,32.9975
GBIF,Quercus engelmannii,-116.925593,32.999921
GBIF,Quercus engelmannii,-116.771433,33.0009
GBIF,Quercus engelmannii,-116.966308,33.005203
GBIF,Quercus engelmannii,-116.9681,33.0072
GBIF,Quercus engelmannii,-116.64474,33.01005
GBIF,Quercus engelmannii,-116.625,33.0125
GBIF,Quercus engelmannii,-116.738107,33.013885
GBIF,Quercus engelmannii,-116.7381,33.013903
GBIF,Quercus engelmannii,-116.63289,33.015413
GBIF,Quercus engelmannii,-116.821464,33.015553
GBIF,Quercus engelmannii,-116.821677,33.015588
GBIF,Quercus engelmannii,-116.739631,33.015692
GBIF,Quercus engelmannii,-117.025703,33.016194
GBIF,Quercus engelmannii,-116.985597,33.016261
GBIF,Quercus engelmannii,-116.70833,33.01667
GBIF,Quercus engelmannii,-116.625,33.01667
GBIF,Quercus engelmannii,-116.70833,33.01667
GBIF,Quercus engelmannii,-116.693319,33.01683
GBIF,Quercus engelmannii,-116.805067,33.017167
GBIF,Quercus engelmannii,-116.805133,33.017367
GBIF,Quercus engelmannii,-117.022909,33.017777
GBIF,Quercus engelmannii,-116.821969,33.018279
GBIF,Quercus engelmannii,-116.821942,33.018334
GBIF,Quercus engelmannii,-116.821725,33.018564
GBIF,Quercus engelmannii,-116.821632,33.01866
GBIF,Quercus engelmannii,-116.809783,33.018667
GBIF,Quercus engelmannii,-116.821524,33.018686
GBIF,Quercus engelmannii,-116.8054,33.018767
GBIF,Quercus engelmannii,-116.793944,33.018781
GBIF,Quercus engelmannii,-116.821439,33.019258
GBIF,Quercus engelmannii,-116.794133,33.0193
GBIF,Quercus engelmannii,-116.793817,33.0194
GBIF,Quercus engelmannii,-116.820913,33.02018
GBIF,Quercus engelmannii,-116.82104,33.020427
GBIF,Quercus engelmannii,-116.681313,33.021467
GBIF,Quercus engelmannii,-116.665253,33.021591
GBIF,Quercus engelmannii,-116.801517,33.022283
GBIF,Quercus engelmannii,-116.80069,33.022325
GBIF,Quercus engelmannii,-116.800667,33.022392
GBIF,Quercus engelmannii,-116.960995,33.022513
GBIF,Quercus engelmannii,-116.67566,33.022658
GBIF,Quercus engelmannii,-116.804975,33.024242
GBIF,Quercus engelmannii,-116.690846,33.024476
GBIF,Quercus engelmannii,-116.82048,33.0268
GBIF,Quercus engelmannii,-116.68603,33.02731
GBIF,Quercus engelmannii,-116.6713,33.0274
GBIF,Quercus engelmannii,-116.66135,33.030192
GBIF,Quercus engelmannii,-116.67174,33.03054
GBIF,Quercus engelmannii,-116.77035,33.030633
GBIF,Quercus engelmannii,-116.657997,33.031192
GBIF,Quercus engelmannii,-116.6512,33.0326
GBIF,Quercus engelmannii,-116.83333,33.03333
GBIF,Quercus engelmannii,-116.955409,33.034066
GBIF,Quercus engelmannii,-116.95211,33.03658
GBIF,Quercus engelmannii,-116.564919,33.036764
GBIF,Quercus engelmannii,-116.6482,33.037095
GBIF,Quercus engelmannii,-116.673958,33.038147
GBIF,Quercus engelmannii,-117.11989,33.03831
GBIF,Quercus engelmannii,-116.651282,33.038632
GBIF,Quercus engelmannii,-116.62816,33.0393
GBIF,Quercus engelmannii,-116.868,33.0418
GBIF,Quercus engelmannii,-116.682037,33.042969
GBIF,Quercus engelmannii,-116.656647,33.043592
GBIF,Quercus engelmannii,-116.63995,33.04379
GBIF,Quercus engelmannii,-116.6576,33.044086
GBIF,Quercus engelmannii,-116.679162,33.044486
GBIF,Quercus engelmannii,-116.658195,33.044495
GBIF,Quercus engelmannii,-116.80417,33.04583
GBIF,Quercus engelmannii  Greene,-116.804167,33.045833
GBIF,Quercus engelmannii,-116.67433,33.04625
GBIF,Quercus engelmannii,-116.654783,33.046452
GBIF,Quercus engelmannii,-116.653637,33.048047
GBIF,Quercus engelmannii,-116.655478,33.048072
GBIF,Quercus engelmannii,-116.6375,33.04944
GBIF,Quercus engelmannii,-116.6262,33.05
GBIF,Quercus engelmannii,-116.7797,33.0529
GBIF,Quercus engelmannii,-116.80417,33.05333
GBIF,Quercus engelmannii,-116.946119,33.056558
GBIF,Quercus engelmannii,-116.946261,33.0566
GBIF,Quercus engelmannii,-116.815242,33.057494
GBIF,Quercus engelmannii,-116.815597,33.057803
GBIF,Quercus engelmannii,-117.07013,33.05886
GBIF,Quercus engelmannii,-116.801889,33.061389
GBIF,Quercus engelmannii,-116.80191,33.06144
GBIF,Quercus engelmannii,-116.8125,33.0625
GBIF,Quercus engelmannii,-117.11889,33.06256
GBIF,Quercus engelmannii,-117.1189,33.0626
GBIF,Quercus engelmannii,-117.11889,33.06261
GBIF,Quercus engelmannii,-117.0806,33.0644
GBIF,Quercus engelmannii,-116.749228,33.0682
GBIF,Quercus engelmannii,-116.54613,33.06883
GBIF,Quercus engelmannii,-117.165414,33.070703
GBIF,Quercus engelmannii,-116.540694,33.072251
GBIF,Quercus engelmannii,-117.226723,33.072517
GBIF,Quercus engelmannii,-116.54072,33.07261
GBIF,Quercus engelmannii,-117.11786,33.073956
GBIF,Quercus engelmannii,-117.11814,33.07453
GBIF,Quercus engelmannii,-117.11814,33.07453
GBIF,Quercus engelmannii,-116.5371,33.0747
GBIF,Quercus engelmannii,-117.15611,33.075
GBIF,Quercus engelmannii,-117.156028,33.077839
GBIF,Quercus engelmannii,-117.155891,33.077906
GBIF,Quercus engelmannii,-116.600833,33.078333
GBIF,Quercus engelmannii,-117.137703,33.078669
GBIF,Quercus engelmannii,-117.155044,33.0793
GBIF,Quercus engelmannii,-116.63556,33.07972
GBIF,Quercus engelmannii,-116.712583,33.080544
GBIF,Quercus engelmannii,-117.084411,33.081244
GBIF,Quercus engelmannii,-116.57206,33.08187
GBIF,Quercus engelmannii,-116.5227,33.082
GBIF,Quercus engelmannii,-117.10629,33.08262
GBIF,Quercus engelmannii,-116.45,33.083333
GBIF,Quercus engelmannii,-116.716381,33.083625
GBIF,Quercus engelmannii,-117.114805,33.08397
GBIF,Quercus engelmannii,-116.916669,33.086322
GBIF,Quercus engelmannii,-116.79119,33.09021
GBIF,Quercus engelmannii,-116.790913,33.092517
GBIF,Quercus engelmannii,-116.64558,33.09754
GBIF,Quercus engelmannii,-116.664245,33.09783
GBIF,Quercus engelmannii,-116.664237,33.097833
GBIF,Quercus engelmannii,-116.9755,33.0995
GBIF,Quercus engelmannii,-116.9755,33.0995
GBIF,Quercus engelmannii,-116.9755,33.0995
GBIF,Quercus engelmannii,-116.71,33.1
GBIF,Quercus engelmannii,-116.76111,33.10056
GBIF,Quercus engelmannii,-116.702223,33.101138
GBIF,Quercus engelmannii,-116.702324,33.101167
GBIF,Quercus engelmannii,-116.700278,33.101172
GBIF,Quercus engelmannii,-116.6631,33.1012
GBIF,Quercus engelmannii,-116.70007,33.101547
GBIF,Quercus engelmannii,-116.699911,33.101608
GBIF,Quercus engelmannii,-116.70411,33.101863
GBIF,Quercus engelmannii,-116.705833,33.102542
GBIF,Quercus engelmannii,-116.783289,33.103228
GBIF,Quercus engelmannii,-116.783361,33.103247
GBIF,Quercus engelmannii,-116.706409,33.103397
GBIF,Quercus engelmannii,-116.673064,33.104391
GBIF,Quercus engelmannii,-116.707253,33.104453
GBIF,Quercus engelmannii,-116.66765,33.1049
GBIF,Quercus engelmannii,-116.859673,33.105064
GBIF,Quercus engelmannii,-116.707133,33.105272
GBIF,Quercus engelmannii,-116.596808,33.105953
GBIF,Quercus engelmannii,-116.7057,33.1062
GBIF,Quercus engelmannii,-117.203575,33.107789
GBIF,Quercus engelmannii,-116.67308,33.10921
GBIF,Quercus engelmannii,-116.67308,33.10921
GBIF,Quercus engelmannii,-116.67308,33.10921
GBIF,Quercus engelmannii,-116.670423,33.111481
GBIF,Quercus engelmannii,-116.78938,33.111683
GBIF,Quercus engelmannii,-116.670817,33.112715
GBIF,Quercus engelmannii,-116.79394,33.114
GBIF,Quercus engelmannii,-116.79394,33.11401
GBIF,Quercus engelmannii,-116.670231,33.114034
GBIF,Quercus engelmannii,-116.671525,33.114074
GBIF,Quercus engelmannii,-116.672818,33.114644
GBIF,Quercus engelmannii,-116.667834,33.114678
GBIF,Quercus engelmannii,-116.667653,33.114765
GBIF,Quercus engelmannii,-117.203645,33.114945
GBIF,Quercus engelmannii,-116.816872,33.1165
GBIF,Quercus engelmannii Greene,-116.83,33.12
GBIF,Quercus engelmannii,-116.46696,33.120043
GBIF,Quercus engelmannii,-116.665014,33.120194
GBIF,Quercus engelmannii,-116.642053,33.120636
GBIF,Quercus engelmannii,-116.664528,33.121172
GBIF,Quercus engelmannii,-116.664665,33.121287
GBIF,Quercus engelmannii,-116.66857,33.122387
GBIF,Quercus engelmannii,-116.672712,33.122747
GBIF,Quercus engelmannii,-116.794253,33.123919
GBIF,Quercus engelmannii,-116.671173,33.124171
GBIF,Quercus engelmannii,-116.67106,33.125081
GBIF,Quercus engelmannii,-116.5649,33.12561
GBIF,Quercus engelmannii,-116.5635,33.12573
GBIF,Quercus engelmannii,-116.671497,33.125736
GBIF,Quercus engelmannii,-116.671389,33.125843
GBIF,Quercus engelmannii,-116.671858,33.126206
GBIF,Quercus engelmannii,-116.556944,33.127222
GBIF,Quercus engelmannii,-116.556944,33.127778
GBIF,Quercus engelmannii,-116.89583,33.13056
GBIF,Quercus engelmannii,-117.006592,33.13367
GBIF,Quercus engelmannii,-116.83319,33.1455
GBIF,Quercus engelmannii,-116.8332,33.14553
GBIF,Quercus engelmannii,-116.83133,33.14739
GBIF,Quercus engelmannii,-116.672881,33.153122
GBIF,Quercus engelmannii,-116.816633,33.155967
GBIF,Quercus engelmannii,-116.67391,33.15681
GBIF,Quercus engelmannii,-117.274681,33.158263
SEINET,Quercus engelmanii Greene.,-116.94167,33.15833
GBIF,Quercus engelmannii,-116.674588,33.158404
GBIF,Quercus engelmannii,-116.67867,33.16248
GBIF,Quercus engelmannii,-117.050133,33.165953
GBIF,Quercus engelmannii,-117.052697,33.167125
GBIF,Quercus engelmannii,-117.000831,33.168044
GBIF,Quercus engelmannii,-116.8764,33.1681
GBIF,Quercus engelmannii,-116.996722,33.168264
GBIF,Quercus engelmannii,-116.8124,33.16876
GBIF,Quercus engelmannii,-117.047626,33.168947
GBIF,Quercus engelmannii,-116.5807,33.1703
GBIF,Quercus engelmannii,-116.68413,33.17069
GBIF,Quercus engelmannii,-116.68413,33.17069
GBIF,Quercus engelmannii,-116.6841,33.1707
GBIF,Quercus engelmannii,-116.994466,33.170853
GBIF,Quercus engelmannii,-117.050074,33.172182
GBIF,Quercus engelmannii,-117.00167,33.17278
GBIF,Quercus engelmannii,-117.00028,33.17278
GBIF,Quercus engelmannii,-117.041703,33.173015
GBIF,Quercus engelmannii,-117.0503,33.173145
GBIF,Quercus engelmannii,-117.050889,33.173775
GBIF,Quercus engelmannii,-117.04833,33.17408
GBIF,Quercus engelmannii,-117.275782,33.174138
GBIF,Quercus engelmannii,-117.055939,33.174222
GBIF,Quercus engelmannii,-116.994761,33.174936
GBIF,Quercus engelmannii,-116.983456,33.175564
GBIF,Quercus engelmannii,-116.98876,33.17563
GBIF,Quercus engelmannii,-117.064444,33.17628
GBIF,Quercus engelmannii,-117.2694,33.176323
GBIF,Quercus engelmannii,-116.981939,33.176489
GBIF,Quercus engelmannii,-117.27,33.176707
GBIF,Quercus engelmannii,-116.9905,33.177158
GBIF,Quercus engelmannii,-116.989186,33.177247
GBIF,Quercus engelmannii,-117.042708,33.178528
GBIF,Quercus engelmannii,-116.982206,33.178544
GBIF,Quercus engelmannii,-116.978281,33.178897
GBIF,Quercus engelmannii,-116.83224,33.17968
GBIF,Quercus engelmannii,-117.058839,33.182517
GBIF,Quercus engelmannii,-117.048779,33.191162
GBIF,Quercus engelmannii,-116.994228,33.197417
GBIF,Quercus engelmannii,-116.71642,33.19781
GBIF,Quercus engelmannii,-116.994289,33.198183
GBIF,Quercus engelmannii,-116.97201,33.19836
GBIF,Quercus engelmannii,-116.995008,33.19845
GBIF,Quercus engelmannii,-116.999411,33.198478
GBIF,Quercus engelmannii,-117.01025,33.198844
GBIF,Quercus engelmannii,-117.074555,33.198922
GBIF,Quercus engelmannii,-116.75103,33.19901
GBIF,Quercus engelmannii,-116.983333,33.2
GBIF,Quercus engelmannii Greene,-117.3,33.2
GBIF,Quercus engelmannii,-116.721289,33.200194
GBIF,Quercus engelmannii,-116.952842,33.203894
GBIF,Quercus engelmannii,-117.077098,33.204714
GBIF,Quercus engelmannii,-117.079094,33.205308
GBIF,Quercus engelmannii,-117.080719,33.20652
GBIF,Quercus engelmannii,-116.46028,33.20748
GBIF,Quercus engelmannii,-117.075286,33.209297
GBIF,Quercus engelmannii,-117.070914,33.210372
GBIF,Quercus engelmannii,-116.979172,33.215698
GBIF,Quercus engelmannii,-116.933333,33.216667
GBIF,Quercus engelmannii,-116.94167,33.21667
GBIF,Quercus engelmannii,-116.93719,33.2176
GBIF,Quercus engelmannii,-116.8421,33.2202
GBIF,Quercus engelmannii,-117.11546,33.22097
GBIF,Quercus engelmannii,-117.03961,33.225011
GBIF,Quercus engelmannii,-117.1009,33.2252
GBIF,Quercus engelmannii,-116.596881,33.226428
GBIF,Quercus engelmannii,-116.561111,33.230556
GBIF,Quercus engelmannii,-116.93833,33.23167
GBIF,Quercus engelmannii,-117.046497,33.2324
GBIF,Quercus engelmannii,-116.552963,33.233036
GBIF,Quercus engelmannii,-116.559995,33.233499
SEINET,Quercus engelmanii Greene.,-117.14444,33.23361
GBIF,Quercus engelmannii,-116.993805,33.235772
GBIF,Quercus engelmannii,-117.317705,33.238624
GBIF,Quercus engelmannii,-116.83781,33.24346
GBIF,Quercus engelmannii,-116.768558,33.244214
GBIF,Quercus engelmannii,-116.9634,33.25041
GBIF,Quercus engelmannii,-116.774742,33.257233
GBIF,Quercus engelmannii,-116.66729,33.25779
GBIF,Quercus engelmannii,-116.62172,33.26204
GBIF,Quercus engelmannii,-116.621736,33.262053
GBIF,Quercus engelmannii,-116.7709,33.2632
GBIF,Quercus engelmannii,-116.779895,33.267209
GBIF,Quercus engelmannii,-116.780045,33.267227
GBIF,Quercus engelmannii,-116.625,33.2756
GBIF,Quercus engelmannii,-116.65722,33.27833
GBIF,Quercus engelmannii,-116.657222,33.278333
GBIF,Quercus engelmannii,-116.63113,33.2842
GBIF,Quercus engelmannii,-116.880683,33.286954
GBIF,Quercus engelmannii,-116.95836,33.28809
GBIF,Quercus engelmannii,-116.58768,33.29337
GBIF,Quercus engelmannii,-116.587694,33.293389
GBIF,Quercus engelmannii,-116.7033,33.29532
GBIF,Quercus engelmannii,-116.910267,33.295346
GBIF,Quercus engelmannii,-116.908928,33.295861
GBIF,Quercus engelmannii,-117.22307,33.29667
GBIF,Quercus engelmannii,-116.91907,33.29723
GBIF,Quercus engelmannii,-116.88842,33.2991
GBIF,Quercus engelmannii,-116.88833,33.29917
GBIF,Quercus engelmannii,-116.88833,33.29917
GBIF,Quercus engelmannii,-116.88283,33.30036
GBIF,Quercus engelmannii,-116.88283,33.30036
GBIF,Quercus engelmannii,-116.88283,33.30036
GBIF,Quercus engelmannii,-116.88283,33.30036
GBIF,Quercus engelmannii,-116.92018,33.30109
GBIF,Quercus engelmannii,-116.8869,33.30158
GBIF,Quercus engelmannii,-116.88762,33.302138
GBIF,Quercus engelmannii,-116.920217,33.30215
GBIF,Quercus engelmannii,-116.90972,33.30222
GBIF,Quercus engelmannii,-116.90972,33.30222
GBIF,Quercus engelmannii,-116.926248,33.303877
GBIF,Quercus engelmannii,-116.926278,33.304042
GBIF,Quercus engelmannii,-116.92838,33.30495
GBIF,Quercus engelmannii,-116.92838,33.30495
GBIF,Quercus engelmannii,-116.92838,33.30495
GBIF,Quercus engelmannii,-116.880213,33.305648
GBIF,Quercus engelmannii,-117.08347,33.30578
GBIF,Quercus engelmannii,-116.69126,33.30762
GBIF,Quercus engelmannii,-116.66774,33.3081
GBIF,Quercus engelmannii,-117.33087,33.31114
GBIF,Quercus engelmannii,-116.8715,33.31131
GBIF,Quercus engelmannii,-116.8715,33.31131
GBIF,Quercus engelmannii,-117,33.31667
GBIF,Quercus engelmannii,-116.95741,33.31967
GBIF,Quercus engelmannii,-116.62955,33.326512
GBIF,Quercus engelmannii,-117.0013,33.3307
GBIF,Quercus engelmannii,-116.906083,33.332038
GBIF,Quercus engelmannii,-117.08333,33.33333
GBIF,Quercus engelmannii,-117.083333,33.333333
GBIF,Quercus engelmannii,-117.4392,33.33343
GBIF,Quercus engelmannii,-116.71722,33.33639
GBIF,Quercus engelmannii,-117.166587,33.338204
GBIF,Quercus engelmannii,-118.43811,33.343292
GBIF,Quercus engelmannii,-118.43811,33.343292
GBIF,Quercus engelmannii  Greene,-118.443046,33.344511
GBIF,Quercus engelmannii,-117.0375,33.34889
GBIF,Quercus engelmannii,-118.403806,33.349011
GBIF,Quercus engelmannii,-118.452058,33.349781
GBIF,Quercus engelmannii  Greene,-118.452058,33.349781
GBIF,Quercus engelmannii,-117.032778,33.350278
GBIF,Quercus engelmannii,-117.03278,33.35028
GBIF,Quercus engelmannii,-118.45407,33.35261
GBIF,Quercus engelmannii,-118.454075,33.352613
GBIF,Quercus engelmannii,-117.029186,33.354406
GBIF,Quercus engelmannii,-117.244848,33.356894
GBIF,Quercus engelmannii,-117.245217,33.357645
GBIF,Quercus engelmannii,-117.35322,33.35975
GBIF,Quercus engelmannii,-117.24755,33.360103
GBIF,Quercus engelmannii,-117.20347,33.362755
GBIF,Quercus engelmannii,-117.33558,33.36286
GBIF,Quercus engelmannii,-117.33561,33.36289
GBIF,Quercus engelmannii  Greene,-117.0767,33.3653
GBIF,Quercus engelmannii  Greene,-117.0767,33.3653
GBIF,Quercus engelmannii,-117.185,33.3663
GBIF,Quercus engelmannii,-117.185,33.3663
GBIF,Quercus engelmannii,-117.185,33.3663
GBIF,Quercus engelmannii,-116.803189,33.366661
GBIF,Quercus engelmannii,-116.803189,33.366661
GBIF,Quercus engelmannii,-116.803189,33.366661
GBIF,Quercus engelmannii,-116.803189,33.366661
GBIF,Quercus engelmannii,-117.041667,33.366667
GBIF,Quercus engelmannii,-117.30547,33.37268
GBIF,Quercus engelmannii,-117.30547,33.37268
GBIF,Quercus engelmannii,-117.45581,33.37469
GBIF,Quercus engelmannii,-117.45582,33.37473
GBIF,Quercus engelmannii,-117.1627,33.3788
GBIF,Quercus engelmannii,-116.75194,33.37917
GBIF,Quercus engelmannii,-117.35159,33.38007
GBIF,Quercus engelmannii,-117.4383,33.38112
GBIF,Quercus engelmannii,-117.08333,33.38333
GBIF,Quercus engelmannii,-117.43333,33.38333
GBIF,Quercus engelmannii,-117.083333,33.383333
GBIF,Quercus engelmannii,-117.26946,33.3839
GBIF,Quercus engelmannii,-117.26946,33.3839
GBIF,Quercus engelmannii,-118.405974,33.385356
GBIF,Quercus engelmannii,-118.406267,33.385443
GBIF,Quercus engelmannii,-117.08586,33.38565
GBIF,Quercus engelmannii,-118.40556,33.38833
GBIF,Quercus engelmannii,-117.03329,33.39498
GBIF,Quercus engelmannii,-117.26899,33.39867
GBIF,Quercus engelmannii,-117.269,33.39869
GBIF,Quercus engelmannii,-117.083306,33.401683
GBIF,Quercus engelmannii,-117.083306,33.401683
GBIF,Quercus engelmannii,-117.083306,33.401683
GBIF,Quercus engelmannii,-117.083306,33.401683
GBIF,Quercus engelmannii,-117.5015,33.40189
GBIF,Quercus engelmannii,-117.50146,33.40192
GBIF,Quercus engelmannii,-117.08347,33.40486
GBIF,Quercus engelmannii,-117.250594,33.406496
GBIF,Quercus engelmannii,-117.31802,33.40766
GBIF,Quercus engelmannii,-117.31802,33.40766
GBIF,Quercus engelmannii,-117.2,33.40833
SEINET,Quercus engelmanii Greene.,-117.05,33.40944
GBIF,Quercus engelmannii,-117.05,33.40944
GBIF,Quercus engelmannii,-117.04861,33.41
GBIF,Quercus engelmannii,-117.051139,33.414936
GBIF,Quercus engelmannii,-117.17306,33.415
GBIF,Quercus engelmannii,-117.31734,33.41545
GBIF,Quercus engelmannii,-117.14758,33.41615
GBIF,Quercus engelmannii,-117.1478,33.4175
GBIF,Quercus engelmannii,-117.15625,33.41776
GBIF,Quercus engelmannii,-117.153505,33.418057
GBIF,Quercus engelmannii,-117.153505,33.418057
GBIF,Quercus engelmannii,-117.15652,33.41841
GBIF,Quercus engelmannii,-117.15652,33.41841
GBIF,Quercus engelmannii  Greene,-117.15652,33.41841
GBIF,Quercus engelmannii,-117.04886,33.42208
GBIF,Quercus engelmannii,-117.04889,33.42222
GBIF,Quercus engelmannii,-117.151106,33.423733
GBIF,Quercus engelmannii,-117.151106,33.423733
GBIF,Quercus engelmannii,-117.08894,33.42445
GBIF,Quercus engelmannii,-117.08877,33.42573
GBIF,Quercus engelmannii,-117.08877,33.42573
GBIF,Quercus engelmannii,-117.38646,33.42685
GBIF,Quercus engelmannii,-117.369935,33.42744
GBIF,Quercus engelmannii,-117.38705,33.43677
GBIF,Quercus engelmannii,-117.32448,33.43697
GBIF,Quercus engelmannii,-117.074278,33.437534
GBIF,Quercus engelmannii,-117.074278,33.437534
GBIF,Quercus engelmannii,-117.08333,33.44167
GBIF,Quercus engelmannii,-117.08333,33.44167
GBIF,Quercus engelmannii,-117.38761,33.44311
GBIF,Quercus engelmannii,-117.38759,33.44312
GBIF,Quercus engelmannii,-118.507672,33.443439
GBIF,Quercus engelmannii,-117.41766,33.44992
GBIF,Quercus engelmannii,-117.017222,33.450556
GBIF,Quercus engelmannii,-117.43985,33.45196
GBIF,Quercus engelmannii,-117.2778,33.4544
GBIF,Quercus engelmannii,-117.171055,33.456246
GBIF,Quercus engelmannii,-117.396694,33.45626
GBIF,Quercus engelmannii,-117.18389,33.45639
GBIF,Quercus engelmannii,-117.40077,33.45688
GBIF,Quercus engelmannii,-117.170884,33.457749
GBIF,Quercus engelmannii,-117.170845,33.457805
GBIF,Quercus engelmannii,-117.17778,33.46167
GBIF,Quercus engelmannii,-117.168595,33.46175
GBIF,Quercus engelmannii,-117.16845,33.461858
GBIF,Quercus engelmannii,-117.17812,33.46267
GBIF,Quercus engelmannii,-117.51964,33.46348
GBIF,Quercus engelmannii,-117.5196,33.4635
GBIF,Quercus engelmannii,-117.51961,33.4635
GBIF,Quercus engelmannii,-117.52,33.4635
GBIF,Quercus engelmannii,-117.278333,33.466667
GBIF,Quercus engelmannii,-117.27833,33.46667
GBIF,Quercus engelmannii,-117.27833,33.46667
GBIF,Quercus engelmannii,-117.27833,33.46667
GBIF,Quercus engelmannii,-116.99512,33.46725
GBIF,Quercus engelmannii,-117.47538,33.46893
GBIF,Quercus engelmannii,-117.15222,33.46972
GBIF,Quercus engelmannii,-117.563889,33.471667
GBIF,Quercus engelmannii,-117.56417,33.47222
GBIF,Quercus engelmannii,-117.46661,33.47361
SEINET,Quercus engelmanii Greene.,-117.57833,33.4775
GBIF,Quercus engelmannii,-117.310266,33.479313
GBIF,Quercus engelmannii,-117.577222,33.479444
GBIF,Quercus engelmannii,-117.577222,33.479444
GBIF,Quercus engelmannii,-117.366046,33.480121
GBIF,Quercus engelmannii,-117.225,33.48333
GBIF,Quercus engelmannii,-117.225,33.483333
GBIF,Quercus engelmannii,-117.366638,33.484537
GBIF,Quercus engelmannii,-117.566833,33.4855
GBIF,Quercus engelmannii,-117.34889,33.48556
GBIF,Quercus engelmannii,-117.2887,33.4859
GBIF,Quercus engelmannii,-117.571389,33.491111
GBIF,Quercus engelmannii,-117.571389,33.491111
GBIF,Quercus engelmannii  Greene,-117.241667,33.491667
GBIF,Quercus engelmannii,-117.24167,33.49167
GBIF,Quercus engelmannii,-116.91528,33.49278
GBIF,Quercus engelmannii,-117.36556,33.49278
GBIF,Quercus engelmannii,-117.344907,33.494058
GBIF,Quercus engelmannii,-117.344907,33.494058
GBIF,Quercus engelmannii,-117.094692,33.49461
GBIF,Quercus engelmannii,-117.345457,33.495878
GBIF,Quercus engelmannii,-117.221389,33.496389
GBIF,Quercus engelmannii,-117.22139,33.49639
GBIF,Quercus engelmannii,-117.310566,33.496913
GBIF,Quercus engelmannii,-117.2176111,33.4999892
GBIF,Quercus engelmannii,-117.225,33.5
GBIF,Quercus engelmannii,-117.341982,33.502445
GBIF,Quercus engelmannii,-117.39422,33.5028
GBIF,Quercus engelmannii,-117.39422,33.5028
GBIF,Quercus engelmannii,-117.281799,33.504759
GBIF,Quercus engelmannii,-117.73231,33.505366
GBIF,Quercus engelmannii,-117.2864,33.507284
GBIF,Quercus engelmannii,-117.286375,33.507322
GBIF,Quercus engelmannii,-117.286353,33.507337
GBIF,Quercus engelmannii,-117.286431,33.507356
GBIF,Quercus engelmannii,-117.286354,33.507393
GBIF,Quercus engelmannii,-117.285037,33.50762
GBIF,Quercus engelmannii,-117.289538,33.507963
GBIF,Quercus engelmannii,-117.289458,33.507973
GBIF,Quercus engelmannii,-117.28947,33.508054
GBIF,Quercus engelmannii,-117.285515,33.50824
GBIF,Quercus engelmannii,-117.325,33.50833
GBIF,Quercus engelmannii,-117.325,33.508333
GBIF,Quercus engelmannii  Greene,-117.325,33.508333
GBIF,Quercus engelmannii,-117.283734,33.50863
GBIF,Quercus engelmannii,-117.282958,33.508775
GBIF,Quercus engelmannii,-117.282927,33.508824
GBIF,Quercus engelmannii,-117.292106,33.508854
GBIF,Quercus engelmannii,-117.292102,33.508883
GBIF,Quercus engelmannii,-117.33917,33.50889
GBIF,Quercus engelmannii,-117.3392,33.5089
GBIF,Quercus engelmannii,-117.292145,33.508987
GBIF,Quercus engelmannii,-117.28369,33.50921
GBIF,Quercus engelmannii,-117.290437,33.509525
GBIF,Quercus engelmannii,-117.366537,33.509917
GBIF,Quercus engelmannii,-117.367654,33.509919
GBIF,Quercus engelmannii,-117.367524,33.510054
GBIF,Quercus engelmannii,-117.281525,33.51027
GBIF,Quercus engelmannii,-117.279787,33.512255
GBIF,Quercus engelmannii,-117.3261,33.5125
GBIF,Quercus engelmannii,-117.368152,33.512704
GBIF,Quercus engelmannii,-117.577172,33.514072
GBIF,Quercus engelmannii,-117.2996,33.5146
GBIF,Quercus engelmannii,-117.32248,33.51492
GBIF,Quercus engelmannii,-117.370323,33.515967
GBIF,Quercus engelmannii,-117.370378,33.515975
GBIF,Quercus engelmannii,-117.29167,33.51667
GBIF,Quercus engelmannii,-117.26667,33.51667
GBIF,Quercus engelmannii,-117.263383,33.521922
GBIF,Quercus engelmannii,-117.305,33.5225
GBIF,Quercus engelmannii,-117.2962,33.5231
GBIF,Quercus engelmannii,-117.25952,33.526034
GBIF,Quercus engelmannii,-117.32111,33.52722
GBIF,Quercus engelmannii,-117.281481,33.528062
GBIF,Quercus engelmannii,-117.282666,33.528091
GBIF,Quercus engelmannii,-117.282701,33.52815
GBIF,Quercus engelmannii,-117.28257,33.528314
GBIF,Quercus engelmannii,-117.28512,33.52852
GBIF,Quercus engelmannii,-117.283494,33.528545
GBIF,Quercus engelmannii,-117.283652,33.528622
GBIF,Quercus engelmannii,-117.270047,33.52913
GBIF,Quercus engelmannii,-117.285202,33.530098
SEINET,Quercus engelmanii Greene.,-116.99167,33.53333
GBIF,Quercus engelmannii,-117.28049,33.533605
GBIF,Quercus engelmannii,-117.279052,33.533814
GBIF,Quercus engelmannii,-117.280358,33.533923
GBIF,Quercus engelmannii,-117.262987,33.534991
GBIF,Quercus engelmannii,-117.262932,33.535105
GBIF,Quercus engelmannii,-117.260881,33.535243
GBIF,Quercus engelmannii,-117.260824,33.535444
GBIF,Quercus engelmannii,-117.28259,33.536469
GBIF,Quercus engelmannii,-117.553333,33.537169
GBIF,Quercus engelmannii,-117.283905,33.537188
GBIF,Quercus engelmannii,-117.269417,33.539233
GBIF,Quercus engelmannii,-117.285809,33.539397
GBIF,Quercus engelmannii,-117.26366,33.539518
GBIF,Quercus engelmannii,-117.270423,33.54001
GBIF,Quercus engelmannii,-117.270437,33.54001
GBIF,Quercus engelmannii,-117.270415,33.540028
GBIF,Quercus engelmannii,-117.270463,33.540122
GBIF,Quercus engelmannii,-117.266644,33.540133
GBIF,Quercus engelmannii,-117.270587,33.540168
GBIF,Quercus engelmannii,-117.268726,33.540323
GBIF,Quercus engelmannii,-117.270424,33.540958
GBIF,Quercus engelmannii,-117.267701,33.541092
GBIF,Quercus engelmannii,-117.269087,33.541336
GBIF,Quercus engelmannii,-117.266101,33.542346
GBIF,Quercus engelmannii,-117.266101,33.542346
GBIF,Quercus engelmannii,-117.266101,33.542346
GBIF,Quercus engelmannii,-117.266101,33.542346
GBIF,Quercus engelmannii,-117.267925,33.542507
GBIF,Quercus engelmannii,-117.270401,33.542559
GBIF,Quercus engelmannii,-117.289131,33.542737
GBIF,Quercus engelmannii,-117.269011,33.543326
GBIF,Quercus engelmannii,-117.269011,33.543326
GBIF,Quercus engelmannii,-117.269455,33.54335
GBIF,Quercus engelmannii,-117.269188,33.543445
GBIF,Quercus engelmannii,-117.26917,33.543537
GBIF,Quercus engelmannii,-117.269945,33.54383
GBIF,Quercus engelmannii,-117.262889,33.544239
GBIF,Quercus engelmannii,-117.3956157,33.54998655
GBIF,Quercus engelmannii,-117.40472,33.55306
GBIF,Quercus engelmannii,-116.373333,33.565
GBIF,Quercus engelmannii,-117.15,33.56667
GBIF,Quercus engelmannii,-117.565548,33.568573
GBIF,Quercus engelmannii,-117.810514,33.570414
GBIF,Quercus engelmannii,-116.41693,33.57455
SEINET,Quercus engelmanii Greene.,-116.41667,33.575
GBIF,Quercus engelmannii,-117.175,33.575
GBIF,Quercus engelmannii < cornelius-mulleri,-116.41667,33.575
GBIF,Quercus engelmannii,-116.92861,33.57583
GBIF,Quercus engelmannii,-116.416,33.583
GBIF,Quercus engelmannii,-116.4167,33.5833
GBIF,Quercus engelmannii,-116.41667,33.58333
GBIF,Quercus engelmannii  Greene,-116.416667,33.583333
GBIF,Quercus engelmannii,-117.192863,33.590612
GBIF,Quercus engelmannii,-117.21667,33.59167
GBIF,Quercus engelmannii,-117.185833,33.594444
GBIF,Quercus engelmannii,-117.220525,33.595397
GBIF,Quercus engelmannii,-117.216667,33.6
GBIF,Quercus engelmannii,-117.1972,33.6026
GBIF,Quercus engelmannii,-117.817067,33.608069
GBIF,Quercus engelmannii,-117.811367,33.609005
GBIF,Quercus engelmannii,-117,33.61667
GBIF,Quercus engelmannii,-117.81667,33.61667
GBIF,Quercus engelmannii,-117.26963,33.61874
GBIF,Quercus engelmannii,-117.25639,33.63
GBIF,Quercus engelmannii,-117.25639,33.63
SEINET,Quercus engelmanii Greene.,-117.00639,33.63139
GBIF,Quercus engelmannii,-117.00639,33.63139
GBIF,Quercus engelmannii,-117.00639,33.63139
GBIF,Quercus engelmannii,-117.442382,33.646783
GBIF,Quercus engelmannii,-117.442058,33.646969
GBIF,Quercus engelmannii,-117.689889,33.646997
GBIF,Quercus engelmannii,-117.39613,33.65149
GBIF,Quercus engelmannii,-117.4075,33.651944
GBIF,Quercus engelmannii,-116.578231,33.661575
GBIF,Quercus engelmannii,-117.426831,33.662067
GBIF,Quercus engelmannii,-117.426911,33.662081
GBIF,Quercus engelmannii,-117.602058,33.667764
GBIF,Quercus engelmannii,-117.446394,33.706336
GBIF,Quercus engelmannii,-117.446394,33.706336
GBIF,Quercus engelmannii,-116.906484,33.735768
GBIF,Quercus engelmannii,-117.42472,33.73639
GBIF,Quercus engelmannii,-117.42461,33.73639
SEINET,Quercus engelmanii Greene.,-117.43831,33.7415
SEINET,Quercus engelmanii Greene.,-117.44089,33.74189
GBIF,Quercus engelmannii,-117.425,33.76667
GBIF,Quercus engelmannii,-117.44122,33.77853
GBIF,Quercus engelmannii,-117.46194,33.78139
GBIF,Quercus engelmannii,-117.608288,33.793219
SEINET,Quercus engelmanii Greene.,-117.68333,33.8
GBIF,Quercus engelmannii,-117.683333,33.8
GBIF,Quercus engelmannii,-116.92222,33.85611
GBIF,Quercus engelmannii,-116.97972,33.85889
GBIF,Quercus engelmannii,-118.293526,33.874269
GBIF,Quercus engelmannii,-116.99069,33.91789
GBIF,Quercus engelmannii,-117.705833,33.926389
GBIF,Quercus engelmannii,-117.07172,33.95797
GBIF,Quercus engelmannii,-117.0325,33.96139
GBIF,Quercus engelmannii,-117.03239,33.96139
GBIF,Quercus engelmannii,-117.0325,33.96139
GBIF,Quercus engelmannii,-117.0324,33.9614
SEINET,Quercus engelmanii Greene.,-116.89831,33.96164
SEINET,Quercus engelmanii Greene.,-117.07319,33.96269
GBIF,Quercus engelmannii,-117.03333,34.05
GBIF,Quercus engelmannii,-117.767045,34.076246
GBIF,Quercus engelmannii,-117.774071,34.076734
GBIF,Quercus engelmannii,-117.78333,34.08333
GBIF,Quercus engelmannii,-118.200732,34.097826
GBIF,Quercus engelmannii,-118.016179,34.100388
GBIF,Quercus engelmannii,-118.146592,34.107708
GBIF,Quercus engelmannii,-118.17568,34.113202
GBIF,Quercus engelmannii,-118.121942,34.121283
GBIF,Quercus engelmannii,-117.72028,34.12167
GBIF,Quercus engelmannii,-117.736623,34.12647
GBIF,Quercus engelmannii,-117.729002,34.127705
GBIF,Quercus engelmannii,-117.729002,34.127705
GBIF,Quercus engelmannii,-118.114427,34.128103
GBIF,Quercus engelmanni hybrid,-117.7276,34.1284
GBIF,Quercus engelmannii,-117.7276,34.1284
GBIF,Quercus engelmannii,-118.117,34.129
SEINET,Quercus engelmanii Greene.,-117.79583,34.12972
GBIF,Quercus engelmannii,-117.795833,34.129722
GBIF,Quercus engelmannii,-118.13324,34.135678
GBIF,Quercus engelmannii,-117.850258,34.135918
GBIF,Quercus engelmannii,-117.74667,34.13694
GBIF,Quercus engelmannii,-118.04472,34.1375
GBIF,Quercus engelmannii,-118.124295,34.137723
GBIF,Quercus engelmannii,-118.124295,34.137723
GBIF,Quercus engelmannii,-118.12574,34.137941
GBIF,Quercus engelmannii,-118.0573,34.1387
GBIF,Quercus engelmannii,-118.057083,34.13902
GBIF,Quercus engelmannii,-118.056075,34.13942
GBIF,Quercus engelmannii,-118.166885,34.139904
GBIF,Quercus engelmannii,-118.167228,34.13992
GBIF,Quercus engelmannii,-118.03591,34.13994
GBIF,Quercus engelmannii,-118.167192,34.139942
GBIF,Quercus engelmannii,-118.167192,34.139981
GBIF,Quercus engelmannii,-118.167258,34.14025
GBIF,Quercus engelmannii,-118.167294,34.140285
GBIF,Quercus engelmannii,-118.167294,34.140285
GBIF,Quercus engelmannii,-118.167294,34.140285
GBIF,Quercus engelmannii,-118.167228,34.1403
GBIF,Quercus engelmannii,-118.167416,34.140347
GBIF,Quercus engelmannii,-118.167222,34.140347
GBIF,Quercus engelmannii,-118.167106,34.140353
GBIF,Quercus engelmannii,-118.168139,34.140424
GBIF,Quercus engelmannii,-118.16752,34.14055
GBIF,Quercus engelmannii,-118.056111,34.140556
GBIF,Quercus engelmannii,-118.053283,34.1413
GBIF,Quercus engelmannii,-118.053283,34.1413
GBIF,Quercus engelmannii,-118.124415,34.141362
GBIF,Quercus engelmannii,-118.168692,34.141382
GBIF,Quercus engelmannii,-118.168886,34.141658
GBIF,Quercus engelmannii,-118.166931,34.141945
GBIF,Quercus engelmannii,-118.05415,34.14271
GBIF,Quercus engelmannii,-118.054148,34.142712
GBIF,Quercus engelmannii,-118.051384,34.14405
GBIF,Quercus engelmannii,-118.00195,34.1441
GBIF,Quercus engelmannii,-118.00195,34.1441
GBIF,Quercus engelmannii,-118.00195,34.1441
GBIF,Quercus engelmannii,-117.725366,34.14531
GBIF,Quercus engelmannii,-117.725366,34.14531
GBIF,Quercus engelmannii,-117.744859,34.146025
GBIF,Quercus engelmannii,-117.997364,34.146425
SEINET,Quercus engelmanii Greene.,-117.724112,34.146953
GBIF,Quercus engelmannii,-118.057833,34.147067
GBIF,Quercus engelmannii,-118.057833,34.147067
GBIF,Quercus engelmannii,-118.05333,34.14722
GBIF,Quercus engelmanni,-118.144516,34.147785
GBIF,Quercus engelmanni,-118.144516,34.147785
GBIF,Quercus engelmannii,-118.14452,34.14779
GBIF,Quercus engelmannii,-117.9976354,34.14796541
GBIF,Quercus engelmannii,-117.9976354,34.14796541
GBIF,Quercus engelmannii,-117.9976354,34.14796541
GBIF,Quercus engelmannii,-117.9976354,34.14796541
GBIF,Quercus engelmannii,-117.9976354,34.14796541
GBIF,Quercus engelmannii,-117.9976354,34.14796541
SEINET,Quercus engelmanii Greene.,-117.87278,34.14861
GBIF,Quercus engelmannii  Greene,-118.002,34.1487
GBIF,Quercus engelmannii  Greene,-118.002,34.1487
GBIF,Quercus engelmannii,-118.221389,34.149028
GBIF,Quercus engelmannii,-118.221611,34.149306
GBIF,Quercus engelmannii,-118,34.15
GBIF,Quercus engelmannii,-118,34.15
GBIF,Quercus engelmannii,-118.038518,34.150878
GBIF,Quercus engelmannii,-118.01056,34.15111
GBIF,Quercus engelmannii,-118.121454,34.152867
GBIF,Quercus engelmannii,-118.121454,34.152867
GBIF,Quercus engelmannii,-118.121454,34.152867
GBIF,Quercus engelmannii,-118.121454,34.152867
GBIF,Quercus engelmannii,-118.1215,34.153
GBIF,Quercus engelmannii,-117.961911,34.153202
GBIF,Quercus engelmannii,-118.040209,34.155031
GBIF,Quercus engelmannii,-118.040209,34.155031
GBIF,Quercus engelmannii,-118.040209,34.155031
GBIF,Quercus engelmannii,-118.040209,34.155031
GBIF,Quercus engelmannii,-118.040209,34.155031
GBIF,Quercus engelmannii,-118.040209,34.155031
GBIF,Quercus engelmannii,-118.040217,34.155087
GBIF,Quercus engelmannii,-118.040192,34.155188
GBIF,Quercus engelmannii,-118.040192,34.155188
GBIF,Quercus engelmannii,-118.040192,34.155188
GBIF,Quercus engelmannii,-118.168105,34.157617
GBIF,Quercus engelmannii,-117.881224,34.157701
GBIF,Quercus engelmannii,-117.99861,34.16
GBIF,Quercus engelmannii,-117.984387,34.161846
GBIF,Quercus engelmannii,-117.984387,34.161846
GBIF,Quercus engelmannii,-117.818745,34.162187
GBIF,Quercus engelmannii,-118.041639,34.162921
SEINET,Quercus engelmanii Greene.,-117.9955,34.16333
SEINET,Quercus engelmanii Greene.,-117.9955,34.16333
GBIF,Quercus engelmannii,-118.00003,34.16618
SEINET,Quercus engelmanii Greene.,-117.993538,34.169489
GBIF,Quercus engelmannii,-118.05,34.17083
GBIF,Quercus engelmannii,-118.05,34.170833
GBIF,Quercus engelmannii,-118.05,34.170833
GBIF,Quercus engelmannii,-118.011724,34.170964
GBIF,Quercus engelmannii,-118.061579,34.171339
GBIF,Quercus engelmannii,-118.062278,34.171646
GBIF,Quercus engelmannii,-117.986254,34.17251
GBIF,Quercus engelmannii,-118.046111,34.172778
GBIF,Quercus engelmannii,-118.04611,34.17278
GBIF,Quercus engelmannii,-118.04611,34.17278
GBIF,Quercus engelmannii,-118.026722,34.174442
GBIF,Quercus engelmannii,-117.991458,34.174982
GBIF,Quercus engelmannii,-118.046076,34.176059
GBIF,Quercus engelmannii,-117.988658,34.177589
GBIF,Quercus engelmannii,-118.170904,34.177696
GBIF,Quercus engelmannii,-118.173183,34.184494
SEINET,Quercus engelmanii Greene.,-118.09861,34.18667
GBIF,Quercus engelmannii,-118.209531,34.191912
GBIF,Quercus engelmannii,-118.203791,34.193421
GBIF,Quercus engelmannii,-117.413611,34.194167
GBIF,Quercus engelmannii,-117.413611,34.194167
GBIF,Quercus engelmannii  Greene,-117.413611,34.194167
GBIF,Quercus engelmannii,-117.41361,34.19417
GBIF,Quercus engelmannii,-117.41361,34.19417
GBIF,Quercus engelmannii,-118.168869,34.194382
GBIF,Quercus engelmannii,-118.168953,34.194387
GBIF,Quercus engelmannii,-118.168857,34.194405
GBIF,Quercus engelmannii,-118.177437,34.194445
GBIF,Quercus engelmannii,-118.168581,34.194645
GBIF,Quercus engelmannii,-118.168438,34.195269
GBIF,Quercus engelmannii,-118.128753,34.195412
GBIF,Quercus engelmannii,-118.168556,34.195472
SEINET,Quercus engelmanii Greene.,-118.20578,34.19569
GBIF,Quercus engelmannii,-118.026577,34.196322
GBIF,Quercus engelmannii,-118.214487,34.199842
GBIF,Quercus engelmannii,-118.119911,34.200703
GBIF,Quercus engelmannii,-118.2098,34.201266
GBIF,Quercus engelmannii,-118.2112,34.201419
GBIF,Quercus engelmannii,-118.254722,34.2125
GBIF,Quercus engelmannii,-118.25312,34.21365
GBIF,Quercus engelmannii,-118.253118,34.21365
GBIF,Quercus engelmannii,-118.15,34.216667
GBIF,Quercus engelmannii,-118.161361,34.218283
GBIF,Quercus engelmannii,-118.283333,34.316667
GBIF,Quercus engelmannii,-118.283333,34.316667
GBIF,Quercus engelmannii Greene,-119.794722,34.541389
GBIF,Quercus engelmannii Greene,-98,38
GBIF,Quercus engelmannii,-121.764167,38.528611
GBIF,Quercus engelmannii,-121.764167,38.528889
GBIF,Quercus engelmannii,-121.765,38.529167
GBIF,Quercus engelmannii,-121.763056,38.529167
GBIF,Quercus engelmannii,-121.750833,38.534444
GBIF,Quercus engelmannii,-121.750278,38.534722
GBIF,Quercus engelmannii,-121.747617,38.537392
GBIF,Quercus engelmannii,-121.747617,38.537392
